payment_id,enrollment_id,discount_percent,amount_paid,coupon_code,payment_method,transaction_date,transaction_id,payment_status
217816,639069,20,64.8,GITHUB34,card,09-01-2025,710cb8b1-4783-471e-a87a-70171576bf26,success
352708,869514,15,102.85,SITE12,UPI,14-01-2025,0262edc7-9343-4b59-a0cc-448bbc3ef26c,success
334492,441641,10,94.5,SITE12,PayPal,12-01-2025,b75266a5-a728-436d-a8ef-8d8d947c7ca4,success
706815,766362,25,102,UTUBE23,PayPal,14-01-2025,a89975a5-587f-456e-b7dc-e9301b0ecb26,success
964106,451071,10,18,LN56,card,13-01-2025,7ba4a360-b74c-4e92-8d5b-fbb52645b664,success
676851,505693,10,34.2,UTUBE23,PayPal,08-01-2025,8595f665-1976-48f6-95c7-84cea5fc7910,success
207296,893492,20,120,GITHUB34,UPI,11-01-2025,2feb8a72-8e26-4ce2-b95a-c91e209e359d,pending
220687,506727,10,52.2,X34,PayPal,05-01-2025,42a85922-247f-401b-a4d7-8394daedaaa4,success
763612,345305,15,49.3,X34,card,08-01-2025,15abb820-9343-47f6-9e55-77f9a9db75e6,success
803163,585638,20,150.4,UTUBE23,UPI,16-01-2025,92ee6b22-c3de-45e3-b3d1-467932f8cb32,success
692336,435139,15,14.45,SITE12,UPI,06-01-2025,e089ca70-5c48-4eaf-97bf-c68426e1e946,success
379286,420408,10,28.8,,UPI,01-01-2025,449e9e9a-51e0-4ac6-ba75-b97b55c50852,success
762549,916902,10,112.5,,PayPal,10-01-2025,1636b1f6-23df-40ed-af9f-46d63c83e4f4,success
290988,680679,0,147,,card,11-01-2025,c3568aa2-dc5f-4136-8284-eb09054c5993,success
509709,887638,15,24.65,UTUBE23,card,04-01-2025,6bee9a5e-d69f-4955-8dbe-10e86de513ea,success
979855,199357,15,163.2,,card,02-01-2025,c68263ce-c753-4f87-adae-76c08ee79ceb,success
411569,413855,25,143.25,UTUBE23,card,12-01-2025,a3baa605-09ba-4124-b73b-f6a16b334829,success
616808,612006,20,80.8,LN56,UPI,15-01-2025,f8773f7d-9577-4f0e-968c-9674823a71e0,success
690182,652658,10,136.8,UTUBE23,card,10-01-2025,8547394a-2841-49a3-9d53-27e4af303145,success
622528,533669,0,12,,PayPal,08-01-2025,d3c90466-32b0-479c-bb48-b9f637dcc0da,success
748819,848901,25,99,FB45,card,16-01-2025,9ad3789c-be16-4ab6-8d74-605befd9ff90,success
941161,645969,10,24.3,SITE12,UPI,09-01-2025,27c3d528-c613-4b57-8884-c413d1ea19a5,success
895168,435866,20,88.8,GITHUB34,UPI,14-01-2025,920d9666-4e8d-4c03-8ef7-505483034cf6,success
517772,787823,20,137.6,,UPI,04-01-2025,ffb547f6-5ac3-4983-aaae-00645b2dfd2b,success
437406,859059,20,16,GITHUB34,PayPal,14-01-2025,b4347a28-3f55-4b92-9f8b-7e630782da85,success
922670,218539,10,144,,UPI,08-01-2025,55caecc0-bf29-42a8-9aa6-706a3888a9ac,success
325752,941738,0,78,,UPI,02-01-2025,12e5a648-31ce-463c-ba77-f397fa8600cd,success
473371,322399,15,68.85,X34,card,04-01-2025,819e6147-b925-4dfe-8d7b-2b94111285e1,success
794032,450196,25,118.5,,PayPal,12-01-2025,7337243c-1371-426e-96b6-98d8fa1de9e0,failed
346151,380453,20,106.4,,UPI,02-01-2025,ee06974e-2f77-4dbd-92f7-595f9b403266,success
530545,760805,20,60,X34,UPI,04-01-2025,f0f710f4-9671-4d02-a777-9b0b141c3efa,success
911498,569362,0,121,,PayPal,06-01-2025,73ad64c8-5d06-4786-8c6d-2aff1ac0a0d9,success
548236,289735,0,200,,PayPal,16-01-2025,52d75563-2fb0-45f6-8d35-dd4b5e108f8e,success
790037,639182,20,62.4,GITHUB34,PayPal,11-01-2025,d1cad254-00ca-4ae4-a48a-f9afbcc2fbb4,success
697760,223035,10,179.1,,card,07-01-2025,b1bf8a65-e5d2-4f30-a6ab-a70bf89862ac,success
226641,207818,0,10,,PayPal,11-01-2025,d0bef96b-1d55-4058-89d4-b0a3002030e8,success
608129,119294,0,199,,UPI,08-01-2025,28d833d9-e80f-448a-9639-da7caab6ca8e,success
419089,471755,10,110.7,GITHUB34,UPI,16-01-2025,ee73bcdb-f015-4c23-8bb3-0909d748c6d1,success
223454,523927,10,173.7,UTUBE23,PayPal,16-01-2025,bcec5779-c28d-4e5b-9947-6e89f7c6b0f8,success
445943,923552,15,90.95,UTUBE23,PayPal,02-01-2025,53916410-5c77-4cc9-87c9-4788ed45dfbf,success
196868,216434,20,52.8,UTUBE23,UPI,02-01-2025,c7fc74b0-c04e-4d8e-a209-d2e9dc6cb16c,success
118656,663947,25,113.25,GITHUB34,UPI,05-01-2025,1daf5b85-afc7-4803-a6b4-2f5803d195f1,success
409943,463561,10,29.7,UTUBE23,UPI,12-01-2025,51babba9-fa2d-4008-8f85-2b9717f1e481,success
663276,585413,25,20.25,X34,PayPal,12-01-2025,3f7054c5-0f89-4b83-ba09-d502f67ec16e,success
584019,757198,0,53,,UPI,03-01-2025,169f6e65-1c66-44d5-80c6-79b334abd53e,success
